insert into custinfo_tb (transactionID, Col_ID, email, contact, address, tdcp, pc) values (1, 20190000, 'jdoumerque0@auda.org.au', 0926702804, 'Manila', '55 Transport Drive', '1000');
insert into custinfo_tb (transactionID, Col_ID, email, contact, address, tdcp, pc) values (2, 20190001, 'jboughen1@ovh.net', 0909702814, 'Quezon City', '6125 Stang Circle', '1001');
insert into custinfo_tb (transactionID, Col_ID, email, contact, address, tdcp, pc) values (3, 20190002, 'ishowers2@devhub.com', 0945728014, 'Subic Bay', '54918 Alpine Place', '1002');
insert into custinfo_tb (transactionID, Col_ID, email, contact, address, tdcp, pc) values (4, 20190003, 'cbackhurst3@hostgator.com', 0991728014, 'Rizal', '90340 Sugar Drive', '1003');
insert into custinfo_tb (transactionID, Col_ID, email, contact, address, tdcp, pc) values (5, 20190004, 'scrank4@techcrunch.com', 0995708014, 'Siquijor', '913 Russell Avenue', '1004');
insert into custinfo_tb (transactionID, Col_ID, email, contact, address, tdcp, pc) values (6, 20190005, 'mklimczak5@issuu.com', 0917702014, 'Zambales', '8827 Jenifer Trail', '1005');
insert into custinfo_tb (transactionID, Col_ID, email, contact, address, tdcp, pc) values (7, 20190006, 'jantoinet6@huffingtonpost.com', 0916728014, 'Bataan', '96301 Ryan Trail', '1006');
insert into custinfo_tb (transactionID, Col_ID, email, contact, address, tdcp, pc) values (8, 20190007, 'epawlyn7@house.gov', 0916702033, 'Pampanga', '47 Eastwood Lane', '1007');
insert into custinfo_tb (transactionID, Col_ID, email, contact, address, tdcp, pc) values (9, 20190008, 'ssyrie8@usa.gov', 0923402814, 'Clark', '96992 Maywood Junction', '1008');
insert into custinfo_tb (transactionID, Col_ID, email, contact, address, tdcp, pc) values (10, 20190009, 'madamovsky9@bing.com', 0990228014, 'Manila', '4 Moland Crossing', '1009');
insert into custinfo_tb (transactionID, Col_ID, email, contact, address, tdcp, pc) values (11, 20190010, 'jlindwalla@phpbb.com', 0910928014, 'Subic Bay', '85213 Roth Junction', '1010');
insert into custinfo_tb (transactionID, Col_ID, email, contact, address, tdcp, pc) values (12, 20190011, 'smcgoldrickb@wikispaces.com', 0993028014, 'Subic Bay', '12 Namekagon Street', '1011');
insert into custinfo_tb (transactionID, Col_ID, email, contact, address, tdcp, pc) values (13, 20190012, 'pricardinc@51.la', 0906102014, 'Subic Bay', '6369 Algoma Court', '1012');


insert into brokerinfo_tb (transactionID, Brokerid, Broker_contact, Account_wBroker) values (1, 'ABACUS', 6329251605, 'Jonas Merque');
insert into brokerinfo_tb (transactionID, Brokerid, Broker_contact, Account_wBroker) values (2, 'ABACUS', 6329251605, 'John Brendon');
insert into brokerinfo_tb (transactionID, Brokerid, Broker_contact, Account_wBroker) values (3, 'BDO', 6329252222, 'Ilana Magwire');
insert into brokerinfo_tb (transactionID, Brokerid, Broker_contact, Account_wBroker) values (4, 'FIRSTMETRO', 6329253333, 'Charles Benavidez');
insert into brokerinfo_tb (transactionID, Brokerid, Broker_contact, Account_wBroker) values (5, 'ABACUS', 6329251605, 'Leonardo Duterte');
insert into brokerinfo_tb (transactionID, Brokerid, Broker_contact, Account_wBroker) values (6, 'FIRSTMETRO', 6329253333, 'Leonor Roque');
insert into brokerinfo_tb (transactionID, Brokerid, Broker_contact, Account_wBroker) values (7, 'BDO', 6329252222, 'Danny Malakas');
insert into brokerinfo_tb (transactionID, Brokerid, Broker_contact, Account_wBroker) values (8, 'BARCELON', 6329251111, 'Denalego Cruz');
insert into brokerinfo_tb (transactionID, Brokerid, Broker_contact, Account_wBroker) values (9, 'BARCELON', 6329251111, 'Rebine Lean Galacgac');
insert into brokerinfo_tb (transactionID, Brokerid, Broker_contact, Account_wBroker) values (10, 'MANDARIN', 6329001605, 'Arwin Racan');
insert into brokerinfo_tb (transactionID, Brokerid, Broker_contact, Account_wBroker) values (11, 'MANDARIN', 6329001605, 'Laurence Caesar');
insert into brokerinfo_tb (transactionID, Brokerid, Broker_contact, Account_wBroker) values (12, 'MANDARIN', 6329001605, 'Zyra Mae Galindo');
insert into brokerinfo_tb (transactionID, Brokerid, Broker_contact, Account_wBroker) values (13, 'WEALTH', 6329001605, 'Anna Cleto');


	
insert into stockinfo_tb (transactionID, Stock_Code, Stock_Name, Stock_Amount, Avecost, Cert_amount) values (1, 'AR', 'Abra Mining', 90000000, 0.0046, 0);
insert into stockinfo_tb (transactionID, Stock_Code, Stock_Name, Stock_Amount, Avecost, Cert_amount) values (2, 'AR', 'Abra Mining', 10000000, 0.01, 0);
insert into stockinfo_tb (transactionID, Stock_Code, Stock_Name, Stock_Amount, Avecost, Cert_amount) values (3, 'AB', 'Atok Big Wedge', 6500, 5.45, 0);
insert into stockinfo_tb (transactionID, Stock_Code, Stock_Name, Stock_Amount, Avecost, Cert_amount) values (4, 'AB', 'Atok Big Wedge', 17000, 10.45, 0);
insert into stockinfo_tb (transactionID, Stock_Code, Stock_Name, Stock_Amount, Avecost, Cert_amount) values (5, 'JFC', 'Jollibee Food Corporation', 400, 150, 0);
insert into stockinfo_tb (transactionID, Stock_Code, Stock_Name, Stock_Amount, Avecost, Cert_amount) values (6, 'PHA', 'Premiere Horizon Alliance Corp', 90000, 3, 0);
insert into stockinfo_tb (transactionID, Stock_Code, Stock_Name, Stock_Amount, Avecost, Cert_amount) values (7, 'PHA', 'Premiere Horizon Alliance Corp', 180000, 1.37, 0);
insert into stockinfo_tb (transactionID, Stock_Code, Stock_Name, Stock_Amount, Avecost, Cert_amount) values (8, 'VUL', 'Vulcan Industrial Corporation', 1000, 2.27, 0);
insert into stockinfo_tb (transactionID, Stock_Code, Stock_Name, Stock_Amount, Avecost, Cert_amount) values (9, 'AR', 'Abra Mining', 55000000, 0.0027, 0);
insert into stockinfo_tb (transactionID, Stock_Code, Stock_Name, Stock_Amount, Avecost, Cert_amount) values (10, 'VUL', 'Vulcan Industrial Corporation', 25000, 3.12 , 0);
insert into stockinfo_tb (transactionID, Stock_Code, Stock_Name, Stock_Amount, Avecost, Cert_amount) values (11, 'GMA7', 'GMA Network Inc', 11000, 7 , 0);
insert into stockinfo_tb (transactionID, Stock_Code, Stock_Name, Stock_Amount, Avecost, Cert_amount) values (12, 'ABS', 'ABS CBN Corporation', 600, 5, 0);
insert into stockinfo_tb (transactionID, Stock_Code, Stock_Name, Stock_Amount, Avecost, Cert_amount) values (13, 'GLO', 'Globe Telecom Inc', 10000, 2100, 0);


  
insert into transactiontype_tb ( transactionID, Transfertype, transferdesc, transfee, transperiod) values (1, 'Stock Transfer Out', 'Transfer IN/OUT', 75, '2 days');
insert into transactiontype_tb ( transactionID, Transfertype, transferdesc, transfee, transperiod) values (2, 'Stock Transfer Out', 'Transfer IN/OUT', 75, '2 days');
insert into transactiontype_tb ( transactionID, Transfertype, transferdesc, transfee, transperiod) values (3, 'Stock Transfer Out', 'Transfer IN/OUT', 75, '2 days');
insert into transactiontype_tb ( transactionID, Transfertype, transferdesc, transfee, transperiod) values (4, 'Stock Transfer In', 'Transfer IN/OUT', 75, '2 days');
insert into transactiontype_tb ( transactionID, Transfertype, transferdesc, transfee, transperiod) values (5, 'Stock Transfer In', 'Transfer IN/OUT', 75, '2 days');
insert into transactiontype_tb ( transactionID, Transfertype, transferdesc, transfee, transperiod) values (6, 'Stock Transfer Out', 'Transfer IN/OUT', 75, '2 days');
insert into transactiontype_tb ( transactionID, Transfertype, transferdesc, transfee, transperiod) values (7, 'Stock Transfer In', 'Transfer IN/OUT', 75, '2 days');
insert into transactiontype_tb ( transactionID, Transfertype, transferdesc, transfee, transperiod) values (8, 'Stock Transfer Out', 'Transfer IN/OUT', 75, '2 days');
insert into transactiontype_tb ( transactionID, Transfertype, transferdesc, transfee, transperiod) values (9, 'Stock Transfer In', 'Transfer IN/OUT', 75, '2 days');
insert into transactiontype_tb ( transactionID, Transfertype, transferdesc, transfee, transperiod) values (10, 'Stock Transfer Out', 'Transfer IN/OUT', 75, '2 days');
insert into transactiontype_tb ( transactionID, Transfertype, transferdesc, transfee, transperiod) values (11, 'Stock Transfer In', 'Transfer IN/OUT', 75, '2 days');
insert into transactiontype_tb ( transactionID, Transfertype, transferdesc, transfee, transperiod) values (12, 'Stock Transfer Out', 'Transfer IN/OUT', 75, '2 days');
insert into transactiontype_tb ( transactionID, Transfertype, transferdesc, transfee, transperiod) values (13, 'Stock Transfer In', 'Transfer IN/OUT', 75, '2 days');

insert into transaction_tb ( transactionID, Col_ID, sysdate, Stock_Code, Brokerid, TransferType) values (1, 20190000, '20120618', 'AR','ABACUS','Stock Transfer Out');
insert into transaction_tb ( transactionID, Col_ID, sysdate, Stock_Code, Brokerid, TransferType) values (2, 20190001, '20130618' , 'AR','ABACUS','Stock Transfer Out');
insert into transaction_tb ( transactionID, Col_ID, sysdate, Stock_Code, Brokerid, TransferType) values (3, 20190002, '20130618', 'AB','BDO','Stock Transfer Out');
insert into transaction_tb ( transactionID, Col_ID, sysdate, Stock_Code, Brokerid, TransferType) values (4, 20190003, '20210618', 'AB','FIRSTMETRO','Stock Transfer In');
insert into transaction_tb ( transactionID, Col_ID, sysdate, Stock_Code, Brokerid, TransferType) values (5, 20190004, '20200618', 'JFC','ABACUS','Stock Transfer In');
insert into transaction_tb ( transactionID, Col_ID, sysdate, Stock_Code, Brokerid, TransferType) values (6, 20190005, '20190618', 'PHA','FIRSTMETRO','Stock Transfer Out');
insert into transaction_tb ( transactionID, Col_ID, sysdate, Stock_Code, Brokerid, TransferType) values (7, 20190006, '20190618', 'PHA','BDO','Stock Transfer In');
insert into transaction_tb ( transactionID, Col_ID, sysdate, Stock_Code, Brokerid, TransferType) values (8, 20190007, '20150618', 'VUL','BARCELON','Stock Transfer Out');
insert into transaction_tb ( transactionID, Col_ID, sysdate, Stock_Code, Brokerid, TransferType) values (9,  20190008, '202120618', 'AR','BARCELON','Stock Transfer In');
insert into transaction_tb ( transactionID, Col_ID, sysdate, Stock_Code, Brokerid, TransferType) values (10, 20190009, '20140618', 'VUL','MANDARIN','Stock Transfer Out');
insert into transaction_tb ( transactionID, Col_ID, sysdate, Stock_Code, Brokerid, TransferType) values (11, 20190010, '20170618', 'GMA7','MANDARIN','Stock Transfer In');
insert into transaction_tb ( transactionID, Col_ID, sysdate, Stock_Code, Brokerid, TransferType) values (12, 20190011, '20200618', 'ABS','MANDARIN', 'Stock Transfer Out');
insert into transaction_tb ( transactionID, Col_ID, sysdate, Stock_Code, Brokerid, TransferType) values (13, 20190012, '20200518', 'GLO','WEALTH','Stock Transfer In');


-- phpMyAdmin SQL Dump
-- version 5.1.1
-- https://www.phpmyadmin.net/
--
-- Host: 127.0.0.1
-- Generation Time: Jul 14, 2021 at 05:06 PM
-- Server version: 10.4.19-MariaDB
-- PHP Version: 8.0.7

SET SQL_MODE = "NO_AUTO_VALUE_ON_ZERO";
START TRANSACTION;
SET time_zone = "+00:00";


/*!40101 SET @OLD_CHARACTER_SET_CLIENT=@@CHARACTER_SET_CLIENT */;
/*!40101 SET @OLD_CHARACTER_SET_RESULTS=@@CHARACTER_SET_RESULTS */;
/*!40101 SET @OLD_COLLATION_CONNECTION=@@COLLATION_CONNECTION */;
/*!40101 SET NAMES utf8mb4 */;

--
-- Database: `im`
--

-- --------------------------------------------------------

--
-- Table structure for table `transaction_tb`
--

CREATE TABLE `transaction_tb` (
  `transactionID` bigint(18) NOT NULL,
  `COL_ID` int(11) NOT NULL,
  `sysdate` date DEFAULT NULL,
  `Stock_Code` varchar(6) NOT NULL,
  `Brokerid` varchar(30) NOT NULL,
  `Transfertype` varchar(20) NOT NULL
) ENGINE=InnoDB DEFAULT CHARSET=latin1;

--
-- Dumping data for table `transaction_tb`
--

INSERT INTO `transaction_tb` (`transactionID`, `COL_ID`, `sysdate`, `Stock_Code`, `Brokerid`, `Transfertype`) VALUES
(1, 20190000, '2012-06-18', 'AR', 'ABACUS', 'Stock Transfer Out'),
(2, 20190001, '2013-06-18', 'AR', 'ABACUS', 'Stock Transfer Out'),
(3, 20190002, '2013-06-18', 'AB', 'BDO', 'Stock Transfer Out'),
(4, 20190003, '2021-06-18', 'AB', 'FIRSTMETRO', 'Stock Transfer In'),
(5, 20190004, '2020-06-18', 'JFC', 'ABACUS', 'Stock Transfer In'),
(6, 20190005, '2019-06-18', 'PHA', 'FIRSTMETRO', 'Stock Transfer Out'),
(7, 20190006, '2019-06-18', 'PHA', 'BDO', 'Stock Transfer In'),
(8, 20190007, '2015-06-18', 'VUL', 'BARCELON', 'Stock Transfer Out'),
(9, 20190008, '0000-00-00', 'AR', 'BARCELON', 'Stock Transfer In'),
(10, 20190009, '2014-06-18', 'VUL', 'MANDARIN', 'Stock Transfer Out'),
(11, 20190010, '2017-06-18', 'GMA7', 'MANDARIN', 'Stock Transfer In'),
(12, 20190011, '2020-06-18', 'ABS', 'MANDARIN', 'Stock Transfer Out'),
(13, 20190012, '2020-05-18', 'GLO', 'WEALTH', 'Stock Transfer In');

--
-- Indexes for dumped tables
--

--
-- Indexes for table `transaction_tb`
--
ALTER TABLE `transaction_tb`
  ADD PRIMARY KEY (`transactionID`),
  ADD KEY `COL_ID` (`COL_ID`,`transactionID`),
  ADD KEY `Brokerid` (`Brokerid`,`transactionID`),
  ADD KEY `Stock_Code` (`Stock_Code`,`transactionID`),
  ADD KEY `Transfertype` (`Transfertype`,`transactionID`);

--
-- Constraints for dumped tables
--

--
-- Constraints for table `transaction_tb`
--
ALTER TABLE `transaction_tb`
  ADD CONSTRAINT `transaction_tb_ibfk_1` FOREIGN KEY (`COL_ID`,`transactionID`) REFERENCES `custinfo_tb` (`Col_ID`, `transactionID`) ON DELETE CASCADE ON UPDATE CASCADE,
  ADD CONSTRAINT `transaction_tb_ibfk_2` FOREIGN KEY (`Brokerid`,`transactionID`) REFERENCES `brokerinfo_tb` (`Brokerid`, `transactionID`) ON DELETE CASCADE ON UPDATE CASCADE,
  ADD CONSTRAINT `transaction_tb_ibfk_3` FOREIGN KEY (`Stock_Code`,`transactionID`) REFERENCES `stockinfo_tb` (`Stock_Code`, `transactionID`) ON DELETE CASCADE ON UPDATE CASCADE,
  ADD CONSTRAINT `transaction_tb_ibfk_4` FOREIGN KEY (`Transfertype`,`transactionID`) REFERENCES `transactiontype_tb` (`Transfertype`, `transactionID`) ON DELETE CASCADE ON UPDATE CASCADE;
COMMIT;

/*!40101 SET CHARACTER_SET_CLIENT=@OLD_CHARACTER_SET_CLIENT */;
/*!40101 SET CHARACTER_SET_RESULTS=@OLD_CHARACTER_SET_RESULTS */;
/*!40101 SET COLLATION_CONNECTION=@OLD_COLLATION_CONNECTION */;
